title,operational_intensity,achieved_performance,computation_time,avg_time_per_iter,error,iter_count,total_tflops,total_tbytes,color
MPI 3D np=8 -O2,0.203125,0.0270585,5.01672,0.000470832,0.222296,10655,135744700000,668281600000,darkslategrey
MPI 3D np=8 -O2,0.203125,0.0290492,4.67292,0.000438566,0.222296,10655,135744700000,668281600000,darkslategrey
