title,operational_intensity,achieved_performance,computation_time,avg_time_per_iter,error,iter_count,total_tflops,total_tbytes,color
MPI 3D np=8 -O2,0.203125,0.0224956,6.03429,0.000566334,0.222296,10655,135744700000,668281600000,darkslategrey
MPI 3D np=8 -O2,0.203125,0.0237344,5.71932,0.000536773,0.222296,10655,135744700000,668281600000,darkslategrey
